{"cameraMode":{"drawMode":0,"name":"Shaded","section":"Shading Mode"},"sceneLighting":false,"audioPlay":false,"sceneViewState":{"showFog":true,"showMaterialUpdate":false,"showSkybox":false,"showFlares":true,"showImageEffects":true,"showParticleSystems":true},"in2DMode":false,"pivot":{"x":21.39282989501953,"y":1.001861810684204,"z":18.81048011779785},"rotation":{"x":-0.01844664290547371,"y":-0.9790276885032654,"z":0.10349731147289276,"w":-0.17450736463069917},"size":5.115767002105713,"orthographic":false}