{"cameraMode":{"drawMode":0,"name":"Shaded","section":"Shading Mode"},"sceneLighting":true,"audioPlay":false,"sceneViewState":{"showFog":false,"showMaterialUpdate":false,"showSkybox":false,"showFlares":false,"showImageEffects":false,"showParticleSystems":false},"in2DMode":false,"pivot":{"x":40.22988510131836,"y":-23.574628829956056,"z":39.419010162353519},"rotation":{"x":-0.34949710965156557,"y":-0.08331220597028732,"z":0.03121979907155037,"w":-0.9327036738395691},"size":51.60230255126953,"orthographic":false}